date,video_id,url,title,topic,first_scene_text,voice,rate,pitch,subtitle_theme,music_mood,duration_s,num_scenes
2026-06-21 18:05,gjWgPQVU6Xk,https://www.youtube.com/watch?v=gjWgPQVU6Xk,Dopamine Trap,how dopamine addiction is engineered to control you,One study found something disturbing about this...,en-US-ChristopherNeural,+0%,-8Hz,blood_red,tense,49.0,10
2026-06-21 21:37,Cc4gnHND1XY,https://www.youtube.com/watch?v=Cc4gnHND1XY,Subconscious Deceit,subconscious mind tricks you never knew about,"Scientists found the real reason, and it is not what you think...",en-US-EricNeural,+5%,-12Hz,toxic_green,tense,50.1,10
2026-06-21 22:07,BcfaQU0LrC4,https://www.youtube.com/watch?v=BcfaQU0LrC4,Brain Betrayal,why your brain sabotages your own happiness,Here is the exact moment your brain betrays you...,en-US-GuyNeural,-5%,-10Hz,blood_red,ethereal,46.9,10
2026-06-21 22:50,1pO0M6MWyDE,https://www.youtube.com/watch?v=1pO0M6MWyDE,Dark Persuasion,dark persuasion techniques in advertising,One study found something disturbing about this...,en-GB-RyanNeural,-3%,-6Hz,gold,ethereal,42.5,10
2026-06-22 05:17,LqpFtm1jh4U,https://www.youtube.com/watch?v=LqpFtm1jh4U,Dark Biases,dark cognitive biases controlling your decisions,"Scientists found the real reason, and it is not what you think...",en-US-EricNeural,+5%,-12Hz,electric_blue,ethereal,45.4,10
2026-06-22 06:51,a-THvzUOFHE,https://www.youtube.com/watch?v=a-THvzUOFHE,Fear Controls,how fear silently controls every decision,Here is what is actually happening when fear takes over...,en-GB-RyanNeural,-3%,-6Hz,toxic_green,ominous,46.1,10
2026-06-22 09:41,99Id82lTXlY,https://www.youtube.com/watch?v=99Id82lTXlY,Gaslighted,signs someone is gaslighting you right now,"Your brain does this on purpose, and here is why...",en-GB-RyanNeural,-3%,-6Hz,violet,ominous,41.7,10
2026-06-22 11:31,w4_PO5u_wMw,https://www.youtube.com/watch?v=w4_PO5u_wMw,Mind Games,manipulation tactics people use daily,Watch what happens in your brain right before you fail...,en-GB-RyanNeural,-3%,-6Hz,electric_blue,tense,40.2,10
2026-06-22 17:39,zwOvPQC9G3U,https://www.youtube.com/watch?v=zwOvPQC9G3U,Shadow Mind,subconscious mind tricks you never knew about,"This pattern repeats every single time, watch closely...",en-GB-RyanNeural,-3%,-6Hz,electric_blue,ominous,45.5,10
2026-06-22 18:09,4V6T63VSaKw,https://www.youtube.com/watch?v=4V6T63VSaKw,Dark Social,dark side of social media on your brain,One study found something disturbing about this...,en-GB-RyanNeural,-3%,-6Hz,electric_blue,tense,39.6,10
2026-06-22 21:41,DE_-0Ya3DHI,https://www.youtube.com/watch?v=DE_-0Ya3DHI,Anchored,how anchoring bias controls every purchase you make,en-GB-RyanNeural,toxic_green,tense,29.3,7
2026-06-23 04:30,YcWPnIxWHQw,https://www.youtube.com/watch?v=YcWPnIxWHQw,Toxic Bonds,why intelligent people stay in toxic relationships,en-US-EricNeural,toxic_green,tense,31.8,7
2026-06-23 05:42,GmcUjgftF_8,https://www.youtube.com/watch?v=GmcUjgftF_8,Dark Mind,subconscious mind tricks you never knew about,en-US-DavisNeural,violet,ominous,23.8,7
2026-06-23 07:36,ToM4oawX_i8,https://www.youtube.com/watch?v=ToM4oawX_i8,Cannot Say No,psychological reasons you cannot say no,en-US-DavisNeural,toxic_green,tense,26.1,7
2026-06-23 09:31,CMLxPyHhhn4,https://www.youtube.com/watch?v=CMLxPyHhhn4,Trauma,how childhood trauma silently shapes you today,en-US-ChristopherNeural,violet,ethereal,28.5,7
2026-06-23 10:54,M51LNB_PGoM,https://www.youtube.com/watch?v=M51LNB_PGoM,Trauma Shapes,how childhood trauma silently shapes you today,en-US-EricNeural,gold,ethereal,25.4,7
2026-06-23 14:54,ywq9_aLlfTA,https://www.youtube.com/watch?v=ywq9_aLlfTA,Dark Ads,dark persuasion techniques in advertising,en-GB-RyanNeural,gold,ominous,28.1,7
2026-06-23 17:40,3QVUzTexjS4,https://www.youtube.com/watch?v=3QVUzTexjS4,Dark Truth,dark truth about why people lie to themselves,en-GB-RyanNeural,electric_blue,ethereal,26.4,7
2026-06-23 23:02,RzqlrCYL6Io,https://www.youtube.com/watch?v=RzqlrCYL6Io,Anchored,how anchoring bias controls every purchase you make,Stop. Your brain is doing this right now. Buying... ,en-US-GuyNeural,+15%,-10Hz,violet,ominous,24.4,7
2026-06-23 23:15,juN0QYude_A,https://www.youtube.com/watch?v=juN0QYude_A,Toxic Bind,why intelligent people stay in toxic relationships,Stop. Your brain is doing this right now.,en-US-GuyNeural,+15%,-10Hz,blood_red,ethereal,23.5,7
2026-06-24 09:56,5NPliiRQaao,https://www.youtube.com/watch?v=5NPliiRQaao,Sunk Cost,the sunk cost trap that ruins lives silently,"You are not going to like this, but you need to hear it. Your past controls you...",en-US-ChristopherNeural,+18%,-8Hz,violet,ethereal,24.4,7
2026-06-24 10:08,o4UoIkKysS8,https://www.youtube.com/watch?v=o4UoIkKysS8,Scrolling Doom,the dark reason you cannot stop scrolling,"This is the reason you feel stuck, and you never knew. Your brain is hijacked...",en-US-ChristopherNeural,+18%,-8Hz,blood_red,ethereal,27.1,7
2026-06-24 10:43,3l4C2NXKoSk,https://www.youtube.com/watch?v=3l4C2NXKoSk,Self Sabotage,hidden reasons people self sabotage success,You have been doing this your whole life without knowing. Destroying success... ,en-US-ChristopherNeural,+18%,-8Hz,violet,ominous,23.3,7
2026-06-24 11:08,lV0eToHs5-0,https://www.youtube.com/watch?v=lV0eToHs5-0,Obey,the psychology behind why people obey authority,Stop. Your brain is doing this right now. Following orders...,en-US-EricNeural,+20%,-12Hz,electric_blue,ominous,23.0,7
2026-06-24 12:08,K9rU2TU38ss,https://www.youtube.com/watch?v=K9rU2TU38ss,Blind Obedience,the psychology behind why people obey authority,You have been doing this your whole life without knowing. Following orders...,en-US-EricNeural,+20%,-12Hz,blood_red,ethereal,28.4,7
2026-06-24 13:10,JQvMigKQcFw,https://www.youtube.com/watch?v=JQvMigKQcFw,Trapped Mind,dark persuasion techniques in advertising,"This is the reason you feel stuck, and you never knew. Your brain is wired to buy...",en-GB-RyanNeural,+12%,-6Hz,toxic_green,ethereal,30.6,7
2026-06-24 14:08,boTvDw0Y-jE,https://www.youtube.com/watch?v=boTvDw0Y-jE,Fear Controls,how fear silently controls every decision,You have been doing this your whole life without knowing. Your deepest fears decide...,en-US-GuyNeural,+15%,-10Hz,gold,ethereal,26.4,7
2026-06-24 15:08,FAILED,,You're Being Played,manipulation tactics people use daily,This happens to you every single day. You're ... controlled.,en-GB-RyanNeural,+12%,-6Hz,gold,tense,27.9,7
2026-06-24 16:10,FAILED,,Negative Mind,why your brain is hardwired for negativity,Most people realize this too late. Your brain is biased,en-US-GuyNeural,+15%,-10Hz,toxic_green,ominous,27.9,7
2026-06-24 17:09,FAILED,,Silent Control,how silence is used as a weapon of control,Watch what your brain does in the next 30 seconds. Your thoughts... are not yours.,en-US-ChristopherNeural,+18%,-8Hz,electric_blue,tense,31.0,7
2026-06-24 18:08,FAILED,,Dark Opinion,dark reason why you care what strangers think,You have been doing this your whole life without knowing. Your thoughts are not yours...,en-US-ChristopherNeural,+18%,-8Hz,electric_blue,ethereal,30.9,7
2026-06-24 18:22,FAILED,,Anchored,how anchoring bias controls every purchase you make,Your brain hides this from you on purpose. You're manipulated daily.,en-US-EricNeural,+20%,-12Hz,violet,ethereal,30.6,7
2026-06-24 19:10,FAILED,,Brain Hijacked,dark cognitive biases controlling your decisions,Stop. Your brain is doing this right now. Manipulating you...,en-US-DavisNeural,+22%,-5Hz,electric_blue,ominous,28.6,7
2026-06-24 20:09,FAILED,,Envy,psychological signs someone secretly envies you,Watch what your brain does in the next 30 seconds. You're being envied,en-US-EricNeural,+20%,-12Hz,violet,tense,30.3,7
2026-06-24 21:08,FAILED,,Self Sabotage,hidden reasons people self sabotage success,Pay attention. This changes after you see it. You're designed to fail...,en-US-EricNeural,+20%,-12Hz,electric_blue,tense,24.9,7
2026-06-24 22:08,FAILED,,Sunk Cost,the sunk cost trap that ruins lives silently,Most people realize this too late. You're stuck...,en-US-EricNeural,+20%,-12Hz,gold,tense,26.8,7
2026-06-24 22:57,FAILED,,Dark Tactics,manipulation tactics people use daily,Most people realize this too late. You're being manipulated...,en-US-GuyNeural,+15%,-10Hz,violet,ethereal,24.3,7
2026-06-24 23:14,FAILED,,Envy Mask,psychological signs someone secretly envies you,Watch what your brain does in the next 30 seconds. You're being envied...,en-US-GuyNeural,+15%,-10Hz,violet,ethereal,26.3,7
2026-06-25 00:08,FAILED,,Copied,how mirror neurons make you copy people without knowing,This will make you question everything you think you know. Your thoughts are not yours...,en-US-GuyNeural,+15%,-10Hz,violet,tense,29.8,7
2026-06-25 01:10,FAILED,,Drama Craving,why your brain secretly craves drama,Pay attention. This changes after you see it. Your brain needs drama,en-US-DavisNeural,+22%,-5Hz,violet,tense,28.6,7
2026-06-25 02:09,FAILED,,Obey,the psychology behind why people obey authority,Most people realize this too late. You're controlled.,en-US-DavisNeural,+22%,-5Hz,toxic_green,tense,25.6,7
2026-06-25 03:09,FAILED,,Controlled,how dopamine addiction is engineered to control you,This happens to you every single day. Your brain is hijacked...,en-GB-RyanNeural,+12%,-6Hz,toxic_green,ominous,26.4,7
2026-06-25 04:08,FAILED,,Trapped,how anchoring bias controls every purchase you make,"This is the reason you feel stuck, and you never knew. Your wallet is a puppet...",en-US-EricNeural,+20%,-12Hz,toxic_green,ethereal,25.4,7
2026-06-25 05:09,FAILED,,Deceived,manipulation tactics people use daily,This happens to you every single day. You're controlled.,en-US-DavisNeural,+22%,-5Hz,gold,tense,24.1,7
2026-06-25 06:10,FAILED,,Envied,psychological signs someone secretly envies you,This happens to you every single day. Your 'friends' are plotting against you...,en-US-ChristopherNeural,+18%,-8Hz,gold,ethereal,29.6,7
2026-06-25 07:09,FAILED,,Envy,psychological signs someone secretly envies you,"This is the reason you feel stuck, and you never knew. Your success ... sparks envy.",en-US-GuyNeural,+15%,-10Hz,violet,tense,28.4,7
2026-06-25 08:10,FAILED,,Drama Fix,why your brain secretly craves drama,You have been doing this your whole life without knowing. Seeking chaos.,en-US-ChristopherNeural,+18%,-8Hz,electric_blue,ominous,21.8,7
2026-06-25 09:08,FAILED,,Controlled,how anchoring bias controls every purchase you make,Most people realize this too late. Your wallet is a puppet.,en-US-ChristopherNeural,+18%,-8Hz,electric_blue,tense,24.4,7
2026-06-25 10:09,FAILED,,Toxic Grip,why intelligent people stay in toxic relationships,Nobody warns you about this one. Your brain tricks you...,en-US-ChristopherNeural,+18%,-8Hz,electric_blue,ominous,26.4,7
2026-06-25 10:32,FAILED,,Mind Tricks,subconscious mind tricks you never knew about,This happens to you every single day. Your mind is lying...,en-US-EricNeural,+20%,-12Hz,blood_red,ethereal,26.1,7
2026-06-25 11:09,FAILED,,Dopamine Trap,how dopamine addiction is engineered to control you,"The second you understand this, everything changes. Your phone is a dopamine lab",en-GB-RyanNeural,+12%,-6Hz,gold,ominous,29.2,7
2026-06-25 12:10,FAILED,,Stuck,dark persuasion techniques in advertising,"This is the reason you feel stuck, and you never knew. Your brain is hijacked...",en-US-ChristopherNeural,+18%,-8Hz,toxic_green,ethereal,26.1,7
2026-06-25 13:09,FAILED,,Dark You,dark truths about human nature nobody says,Pay attention. This changes after you see it. You're a predator...,en-US-GuyNeural,+15%,-10Hz,violet,ethereal,27.4,7
2026-06-25 14:10,FAILED,,Dark You,dark truths about human nature nobody says,You have been doing this your whole life without knowing. Manipulating others...,en-US-ChristopherNeural,+18%,-8Hz,toxic_green,ominous,27.5,7
2026-06-25 14:48,dm2DnnaVxnU,https://www.youtube.com/watch?v=dm2DnnaVxnU,Brain Sabotage,why your brain sabotages your own happiness,Watch what your brain does in the next 30 seconds. You'll sabotage your own happiness...,en-US-GuyNeural,+15%,-10Hz,electric_blue,tense,28.5,7
2026-06-25 15:08,PgGD4G0KrCE,https://www.youtube.com/watch?v=PgGD4G0KrCE,Hidden Brain,body language secrets manipulators exploit,Your brain hides this from you on purpose. ... You're being manipulated,en-US-ChristopherNeural,+18%,-8Hz,gold,ominous,27.8,7
2026-06-25 16:08,YIqRzWRz0cc,https://www.youtube.com/watch?v=YIqRzWRz0cc,Controlled,how dopamine addiction is engineered to control you,Pay attention. This changes after you see it. Your phone is a prison...,en-US-ChristopherNeural,+18%,-8Hz,blood_red,ominous,26.9,7
2026-06-25 17:09,mKWoDLAx6Tk,https://www.youtube.com/watch?v=mKWoDLAx6Tk,Mind Games,manipulation tactics people use daily,This happens to you every single day. You're being played...,en-US-EricNeural,+20%,-12Hz,blood_red,ominous,32.0,7
2026-06-25 17:41,K8ehlKGmi3I,https://www.youtube.com/watch?v=K8ehlKGmi3I,Dark Success,hidden reasons people self sabotage success,Nobody warns you about this one. Your success... is your enemy,en-US-GuyNeural,+15%,-10Hz,gold,ominous,24.0,7
2026-06-25 18:08,dVP3LwAj9nM,https://www.youtube.com/watch?v=dVP3LwAj9nM,Drama Fix,why your brain secretly craves drama,Pay attention. This changes after you see it. You're drawn to drama.,en-US-GuyNeural,+15%,-10Hz,violet,ominous,27.0,7
2026-06-25 18:42,v9cxMaFaiNs,https://www.youtube.com/watch?v=v9cxMaFaiNs,Dark Craving,why your brain secretly craves drama,"You are not going to like this, but you need to hear it. Your brain craves drama...",en-US-ChristopherNeural,+18%,-8Hz,electric_blue,ethereal,22.0,7
2026-06-25 19:09,Brw2bejlm_w,https://www.youtube.com/watch?v=Brw2bejlm_w,Stranger Opinion,dark reason why you care what strangers think,Nobody warns you about this one. Your self-worth is rented.,en-US-DavisNeural,+22%,-5Hz,toxic_green,ethereal,29.4,7
2026-06-25 20:09,z07VJfhOti4,https://www.youtube.com/watch?v=z07VJfhOti4,Mind Games,manipulation tactics people use daily,"You are not going to like this, but you need to hear it. Your thoughts... are not yours.",en-GB-RyanNeural,+12%,-6Hz,blood_red,ominous,27.8,7
2026-06-25 21:08,9JcKLwoJd78,https://www.youtube.com/watch?v=9JcKLwoJd78,Brain Craves Drama,why your brain secretly craves drama,Your brain hides this from you on purpose. You're addicted...,en-US-GuyNeural,+15%,-10Hz,electric_blue,ethereal,29.3,7
2026-06-25 22:09,rY8E2CGaPPw,https://www.youtube.com/watch?v=rY8E2CGaPPw,Shaped,how childhood trauma silently shapes you today,"You are not going to like this, but you need to hear it. Your past is... controlling you.",en-US-DavisNeural,+22%,-5Hz,gold,ominous,27.6,7
2026-06-25 23:09,rqtwq4hIQlE,https://www.youtube.com/watch?v=rqtwq4hIQlE,Dark Ads,dark persuasion techniques in advertising,"You are not going to like this, but you need to hear it. Your brain is being hijacked...",en-US-DavisNeural,+22%,-5Hz,toxic_green,ethereal,26.6,7
2026-06-26 00:03,CUjT-E2y2Ps,https://www.youtube.com/watch?v=CUjT-E2y2Ps,Narcissist Games,psychological tricks narcissists use on you,Your brain hides this from you on purpose. You're being played.,en-US-EricNeural,+20%,-12Hz,electric_blue,ominous,27.4,7
2026-06-26 01:08,793gF4yYkl8,https://www.youtube.com/watch?v=793gF4yYkl8,Gaslit,signs someone is gaslighting you right now,Watch what your brain does in the next 30 seconds. You're being gaslit right now...,en-US-EricNeural,+20%,-12Hz,gold,ominous,30.8,7
2026-06-26 02:08,x-x9WrFxb4E,https://www.youtube.com/watch?v=x-x9WrFxb4E,Controlled,how dopamine addiction is engineered to control you,Stop. Your brain is doing this right now. dopamine loop?,en-US-ChristopherNeural,+18%,-8Hz,toxic_green,tense,26.3,7
2026-06-26 03:09,DIdwj-srpwE,https://www.youtube.com/watch?v=DIdwj-srpwE,Fear Controls,how fear silently controls every decision,Pay attention. This changes after you see it. Your fears decide...,en-US-EricNeural,+20%,-12Hz,violet,ethereal,25.6,7
2026-06-26 04:08,0PcswDj88Xg,https://www.youtube.com/watch?v=0PcswDj88Xg,Sabotage,hidden reasons people self sabotage success,"You are not going to like this, but you need to hear it. Your success... is a threat.",en-US-EricNeural,+20%,-12Hz,toxic_green,ethereal,33.0,7
2026-06-26 05:08,dWqWXoHJyrY,https://www.youtube.com/watch?v=dWqWXoHJyrY,Fear Controls,how fear silently controls every decision,This will make you question everything you think you know. Your deepest fears dictate your life...,en-GB-RyanNeural,+12%,-6Hz,toxic_green,tense,29.9,7
2026-06-26 06:08,zVSX7i1Rwws,https://www.youtube.com/watch?v=zVSX7i1Rwws,Mind Controlled,dark persuasion techniques in advertising,This will make you question everything you think you know. Your thoughts are not yours...,en-US-GuyNeural,+15%,-10Hz,toxic_green,tense,29.0,7
2026-06-26 07:09,RaFjBxBSs3U,https://www.youtube.com/watch?v=RaFjBxBSs3U,Brain Hack,dark persuasion techniques in advertising,Watch what your brain does in the next 30 seconds. You're being manipulated,en-GB-RyanNeural,+12%,-6Hz,gold,ethereal,25.6,7
2026-06-26 08:09,c8ZgAuBsPPA,https://www.youtube.com/watch?v=c8ZgAuBsPPA,Dark Brain,dark truths about human nature nobody says,Your brain hides this from you on purpose. You're selfish...,en-US-DavisNeural,+22%,-5Hz,blood_red,ominous,24.5,7
2026-06-26 09:09,XAACK1FD1Cs,https://www.youtube.com/watch?v=XAACK1FD1Cs,Sunk Cost Trap,the sunk cost trap that ruins lives silently,Pay attention. This changes after you see it. Investments... destroy you,en-US-DavisNeural,+22%,-5Hz,toxic_green,ominous,27.4,7
2026-06-26 10:08,AiDjflZjf24,https://www.youtube.com/watch?v=AiDjflZjf24,Deceived,manipulation tactics people use daily,This will make you question everything you think you know. Your world is a lie...,en-US-GuyNeural,+15%,-10Hz,electric_blue,ominous,25.2,7
2026-06-26 10:47,Q39KvLOVCKA,https://www.youtube.com/watch?v=Q39KvLOVCKA,Lies Within,dark truth about why people lie to themselves,Watch what your brain does in the next 30 seconds. You'll deny this...,en-US-DavisNeural,+22%,-5Hz,toxic_green,ominous,25.3,7
2026-06-26 11:09,FAILED,,Dark Opinion,dark reason why you care what strangers think,Nobody warns you about this one. Your self-worth... is a lie.,en-GB-RyanNeural,+12%,-6Hz,toxic_green,ominous,28.1,7
2026-06-26 11:27,0o4OjmzyOvE,https://www.youtube.com/watch?v=0o4OjmzyOvE,Mind Trap,subconscious mind tricks you never knew about,Pay attention. This changes after you see it. Your mind is lying...,en-GB-RyanNeural,+12%,-6Hz,violet,ethereal,26.5,7
2026-06-26 12:12,niqVDoL2Ysg,https://www.youtube.com/watch?v=niqVDoL2Ysg,Trapped Mind,why your brain sabotages your own happiness,"This is the reason you feel stuck, and you never knew. Your brain lies to you...",en-US-EricNeural,+20%,-12Hz,gold,ethereal,27.7,7
2026-06-26 13:08,Nq5SXW4Oblg,https://www.youtube.com/watch?v=Nq5SXW4Oblg,Brainwashed,dark persuasion techniques in advertising,This will make you question everything you think you know. Your thoughts are not yours...,en-US-EricNeural,+20%,-12Hz,toxic_green,tense,25.0,7
2026-06-26 14:08,zNhYqQf72Ec,https://www.youtube.com/watch?v=zNhYqQf72Ec,Drama Fix,why your brain secretly craves drama,Most people realize this too late. You crave drama.,en-US-GuyNeural,+15%,-10Hz,toxic_green,ethereal,22.5,7
2026-06-27 09:58,42HcXSuU6YI,https://www.youtube.com/watch?v=42HcXSuU6YI,La verdad sobre如何 te juzgan,como la gente te juzga sin que te des cuenta,es-ES-AlvaroNeural,blood_red,ominous,25.1,7
2026-06-27 10:08,fuZPnji0e0g,https://www.youtube.com/watch?v=fuZPnji0e0g,El Secreto Del Contacto Visual,como el contacto visual cambia lo que los demas piensan de ti,es-ES-AlvaroNeural,toxic_green,tense,25.1,7
2026-06-27 11:08,j_5d2S9f5eU,https://www.youtube.com/watch?v=j_5d2S9f5eU,La psicologia de la popularidad,la psicologia de la popularidad,es-ES-AlvaroNeural,electric_blue,ethereal,31.4,7
2026-06-27 12:07,arLUK0_SdtI,https://www.youtube.com/watch?v=arLUK0_SdtI,La verdad sobre el contacto visual,como el contacto visual cambia lo que los demas piensan de ti,es-ES-AlvaroNeural,gold,ethereal,24.5,7
2026-06-27 13:02,CvwjWHXQy9Y,https://www.youtube.com/watch?v=CvwjWHXQy9Y,La psicologia del miedo a perderte algo,la psicologia del miedo a perderte algo,es-ES-AlvaroNeural,electric_blue,ethereal,22.0,7
2026-06-27 14:07,FALLO,,La psicologia del autosabotaje en jovenes,la psicologia del autosabotaje en jovenes,es-ES-AlvaroNeural,violet,tense,18.8,7
2026-06-27 14:31,VeLZPWYLKOg,https://www.youtube.com/watch?v=VeLZPWYLKOg,La verdad sobre tu mente,por que tu mente se cree sus propias mentiras,es-ES-AlvaroNeural,blood_red,ominous,31.9,7
2026-06-27 15:07,_VzAq5sNUJM,https://www.youtube.com/watch?v=_VzAq5sNUJM,El secreto de la manipulacion emocional,como funciona realmente la manipulacion emocional,es-ES-AlvaroNeural,gold,tense,21.3,7
2026-06-27 16:08,0_yuv952UaY,https://www.youtube.com/watch?v=0_yuv952UaY,La zona de amistad,la psicologia de la zona de amistad,es-ES-AlvaroNeural,blood_red,ethereal,22.6,7
2026-06-27 17:08,qfjTU2v9KNA,https://www.youtube.com/watch?v=qfjTU2v9KNA,La psicologia de la venganza,la psicologia de la venganza,es-ES-AlvaroNeural,toxic_green,ethereal,20.3,7
2026-06-27 17:44,FALLO,,La verdad sobre los manipuladores,como los manipuladores consiguen tu confianza,es-ES-AlvaroNeural,gold,ethereal,18.9,7
2026-06-27 18:09,P9cNVv-XIXg,https://www.youtube.com/watch?v=P9cNVv-XIXg,La psicologia del miedo a perderte algo,la psicologia del miedo a perderte algo,es-ES-AlvaroNeural,toxic_green,tense,28.7,7
2026-06-27 19:08,pwZ-EU4Vl0g,https://www.youtube.com/watch?v=pwZ-EU4Vl0g,El poder del misterio,por que ser misterioso hace que los demas piensen mas en ti,es-ES-AlvaroNeural,violet,tense,20.7,7
2026-06-27 20:08,0l97G7DxARM,https://www.youtube.com/watch?v=0l97G7DxARM,El Poder del Misterio,por que ser misterioso hace que los demas piensen mas en ti,es-ES-AlvaroNeural,electric_blue,ethereal,22.0,7
2026-06-27 20:24,JM-DrlmsICE,https://www.youtube.com/watch?v=JM-DrlmsICE,La Adiccion Oculta,como tu cerebro se vuelve adicto a la aprobacion de los demas,es-ES-AlvaroNeural,blood_red,ethereal,24.3,7
2026-06-27 21:08,U7qi9R1ont8,https://www.youtube.com/watch?v=U7qi9R1ont8,Por que tu ex vuelve,por que tu ex vuelve cuando ya lo habias superado,es-ES-AlvaroNeural,violet,ethereal,26.6,7
2026-06-27 21:55,FALLO,,La verdad sobre tu adiccion al scroll infinito,como tu cerebro se vuelve adicto al scroll infinito,es-ES-AlvaroNeural,blood_red,ethereal,19.2,7
2026-06-27 22:09,IpfxOMADta4,https://www.youtube.com/watch?v=IpfxOMADta4,La psicologia del miedo a perderte algo,la psicologia del miedo a perderte algo,es-ES-AlvaroNeural,toxic_green,tense,36.0,7
2026-06-27 23:07,FALLO,,El sabotaje mental,por que tu cerebro sabotea tus propios objetivos,es-ES-AlvaroNeural,violet,ethereal,19.7,7
2026-06-28 00:07,uqV575cNGp0,https://www.youtube.com/watch?v=uqV575cNGp0,La oscuridad detras del rechazo,por que algunas personas se obsesionan cuando las rechazan,es-ES-AlvaroNeural,gold,tense,20.8,7
2026-06-28 00:38,FALLO,,Tu cerebro te engaña,por que tu cerebro teme tanto ser ignorado,gold,ethereal,15.1,5
2026-06-28 00:45,FALLO,,Tu cerebro miente,como tu cerebro inventa conversaciones que nunca ocurrieron,violet,ethereal,15.1,5
2026-06-28 01:06,A2u1rzHMa5M,https://www.youtube.com/watch?v=A2u1rzHMa5M,Pensar demas,la psicologia de pensar demasiado por la noche,blood_red,ominous,10.2,5
2026-06-28 01:19,mdCYMbcmQm8,https://www.youtube.com/watch?v=mdCYMbcmQm8,Atrapado en la zona de amistad,la psicologia de la zona de amistad,violet,ominous,10.6,5
2026-06-28 01:29,B2I_rVo91UY,https://www.youtube.com/watch?v=B2I_rVo91UY,Descubre tus emociones ocultas,como el lenguaje corporal revela emociones ocultas,toxic_green,ethereal,11.2,5
2026-06-28 01:37,pmSwZGDpyVk,https://www.youtube.com/watch?v=pmSwZGDpyVk,Por que temes ser ignorado,por que tu cerebro teme tanto ser ignorado,electric_blue,tense,11.1,5
2026-06-28 02:06,6VLUnXB6dt0,https://www.youtube.com/watch?v=6VLUnXB6dt0,Aprobacion constante,como tu cerebro se vuelve adicto a la aprobacion de los demas,toxic_green,ethereal,10.1,5
2026-06-28 03:05,ogsCwiHn9bU,https://www.youtube.com/watch?v=ogsCwiHn9bU,"Tratan bien, mal dentro",por que algunos te tratan bien en publico y mal en privado,gold,tense,10.3,5
2026-06-28 04:06,zydG9fbXiT4,https://www.youtube.com/watch?v=zydG9fbXiT4,Ghosting: por que te dejan,la psicologia detras del ghosting,gold,tense,10.6,5
2026-06-28 05:08,Rd7M-kw-gPs,https://www.youtube.com/watch?v=Rd7M-kw-gPs,La confianza intimida,por que la confianza intimida a las personas inseguras,blood_red,ominous,9.9,5
2026-06-28 06:05,-3vKT_ajgvE,https://www.youtube.com/watch?v=-3vKT_ajgvE,Rechazado y obsesionado,por que algunas personas se obsesionan cuando las rechazan,electric_blue,tense,11.2,5
2026-06-28 07:07,to9RCOvcFVU,https://www.youtube.com/watch?v=to9RCOvcFVU,Autosabotaje nocturno,la psicologia del autosabotaje en jovenes,electric_blue,ominous,10.4,5
2026-06-28 08:07,S8RuJHz0ezw,https://www.youtube.com/watch?v=S8RuJHz0ezw,Redes que reprograman,como las redes sociales reprograman tu cerebro,gold,tense,11.4,5
2026-06-28 08:39,UOOxahOPPzg,https://www.youtube.com/watch?v=UOOxahOPPzg,Tu ex vuelve,por que tu ex vuelve cuando ya lo habias superado,blood_red,tense,10.4,5
2026-06-28 09:06,FALLO,,Crush confuso,por que tu crush actua de forma tan confusa,violet,ominous,10.6,5
2026-06-28 09:53,JahOqAr41uk,https://www.youtube.com/watch?v=JahOqAr41uk,Cuando te rechazan,por que algunas personas se obsesionan cuando las rechazan,blood_red,tense,11.3,5
2026-06-28 10:05,FALLO,,Tratan bien en publico,por que algunos te tratan bien en publico y mal en privado,blood_red,tense,10.7,5
2026-06-28 11:07,FRkZmvQNlzY,https://www.youtube.com/watch?v=FRkZmvQNlzY,Atractivos manipuladores,como las personas atractivas manipulan sin hablar,blood_red,tense,10.1,5
2026-06-28 12:05,U682VnjX1EU,https://www.youtube.com/watch?v=U682VnjX1EU,Controlan tus emociones,como otras personas pueden controlar tus emociones,electric_blue,ethereal,10.6,5
2026-06-28 13:05,KRzoo4NGU30,https://www.youtube.com/watch?v=KRzoo4NGU30,Aprobacion constante,como tu cerebro se vuelve adicto a la aprobacion de los demas,violet,tense,9.4,5
2026-06-28 14:05,bqnnoMAU35I,https://www.youtube.com/watch?v=bqnnoMAU35I,Ansiedad social,la psicologia de la ansiedad social,gold,ominous,10.1,5
2026-06-28 15:04,LQSZ7R14nR4,https://www.youtube.com/watch?v=LQSZ7R14nR4,El Silencio Duele,como el silencio puede ser una forma de manipulacion,blood_red,ethereal,10.2,5
2026-06-28 15:14,u_S4oJUyrWw,https://www.youtube.com/watch?v=u_S4oJUyrWw,Celos que matan,la psicologia de los celos,blood_red,ominous,11.2,5
2026-06-28 16:07,XHIo3p37GkY,https://www.youtube.com/watch?v=XHIo3p37GkY,Tu movil te controla,como tu movil controla muchas de tus decisiones,blood_red,tense,11.2,5
2026-06-28 17:06,Y9u02-BZYZo,https://www.youtube.com/watch?v=Y9u02-BZYZo,La psicologia de la popularidad,la psicologia de la popularidad,toxic_green,tense,11.4,5
2026-06-28 18:05,Gh7kEfcUrno,https://www.youtube.com/watch?v=Gh7kEfcUrno,Lenguaje corporal revela,como el lenguaje corporal revela emociones ocultas,gold,ominous,11.2,5
2026-06-28 19:01,DCUnOAuobEA,https://www.youtube.com/watch?v=DCUnOAuobEA,La noche te consume,la psicologia de pensar demasiado por la noche,toxic_green,ethereal,10.5,5
2026-06-28 20:05,JYnx9u4xfA8,https://www.youtube.com/watch?v=JYnx9u4xfA8,Confianzas Raudas,por que las personas solitarias confian demasiado rapido,toxic_green,tense,11.2,5
2026-06-28 21:05,zPDZoEl6sHs,https://www.youtube.com/watch?v=zPDZoEl6sHs,Contacto visual cambiante,como el contacto visual cambia lo que los demas piensan de ti,blood_red,ominous,10.5,5
2026-06-28 22:05,tR6dKIszF-w,https://www.youtube.com/watch?v=tR6dKIszF-w,Te juzgan sin que notes,como la gente te juzga sin que te des cuenta,violet,tense,11.2,5
2026-06-28 22:47,RJfx4rwpzO8,https://www.youtube.com/watch?v=RJfx4rwpzO8,Cumplidos que manipulan,como la gente te manipula usando cumplidos,electric_blue,tense,11.0,5
2026-06-28 23:13,D56ARQBQ8Ik,https://www.youtube.com/watch?v=D56ARQBQ8Ik,Alguien te controla sin que lo notes,por que tu cerebro se obsesiona con las relaciones imposibles,violet,ethereal,11.3,5
2026-06-29 00:05,wob9BjO4cKg,https://www.youtube.com/watch?v=wob9BjO4cKg,Por que te obsesionan,por que tu cerebro se obsesiona con las relaciones imposibles,blood_red,ethereal,10.1,5
2026-06-29 01:05,eaVLaJUKExQ,https://www.youtube.com/watch?v=eaVLaJUKExQ,Por que no puedo dejarlo,por que las relaciones toxicas son tan dificiles de dejar,gold,ethereal,11.0,5
2026-06-29 02:06,EL7auxMyXYc,https://www.youtube.com/watch?v=EL7auxMyXYc,Influencers controlan tu mente,como los influencers manipulan tu atencion,toxic_green,ethereal,10.8,5
2026-06-29 03:06,psOA4NmDs6k,https://www.youtube.com/watch?v=psOA4NmDs6k,Dejarte en visto,la psicologia de dejarte en visto,blood_red,ethereal,10.8,5
2026-06-29 04:06,-SCrxENd-w4,https://www.youtube.com/watch?v=-SCrxENd-w4,Cuando amabilidad esconde manipulacion,como la manipulacion se esconde detras de la amabilidad,electric_blue,ominous,11.4,5
2026-06-29 05:05,Q-LFx-q5LD0,https://www.youtube.com/watch?v=Q-LFx-q5LD0,Pensar demais te destruye,por que pensar demasiado destruye tu confianza,gold,tense,10.9,5
2026-06-29 06:13,1K0pJKaUGcY,https://www.youtube.com/watch?v=1K0pJKaUGcY,El ghosting no es lo que crees,como funciona realmente la manipulacion emocional,gold,tense,11.2,5
2026-06-29 07:06,93Qu2HyCbLg,https://www.youtube.com/watch?v=93Qu2HyCbLg,Adicto al scroll,como tu cerebro se vuelve adicto al scroll infinito,electric_blue,ominous,10.6,5
2026-06-29 08:08,0BUyqMP78Xo,https://www.youtube.com/watch?v=0BUyqMP78Xo,Manipulacion detrás de sonrisas,como la manipulacion se esconde detras de la amabilidad,violet,ominous,11.0,5
2026-06-29 09:07,0EFFa-AQ3qU,https://www.youtube.com/watch?v=0EFFa-AQ3qU,Fingen no importarle,por que algunas personas fingen que no les importas,gold,ethereal,10.2,5
2026-06-29 10:06,7FqZKNr0O60,https://www.youtube.com/watch?v=7FqZKNr0O60,Ser misterioso te hace atractivo,por que ser misterioso hace que los demas piensen mas en ti,gold,tense,11.4,5
2026-06-29 11:07,tLMIyNh3oJw,https://www.youtube.com/watch?v=tLMIyNh3oJw,La amabilidad oculta,como la manipulacion se esconde detras de la amabilidad,toxic_green,ominous,10.7,5
2026-06-29 12:05,kQLDmDXqCy0,https://www.youtube.com/watch?v=kQLDmDXqCy0,Controlan tus emociones,como otras personas pueden controlar tus emociones,violet,ethereal,11.2,5
2026-06-29 13:04,JjBqPSnJMJQ,https://www.youtube.com/watch?v=JjBqPSnJMJQ,El ghosting no es lo que crees,por que la confianza intimida a las personas inseguras,toxic_green,ethereal,11.2,5
2026-06-29 14:14,Lw8kS6AjLpw,https://www.youtube.com/watch?v=Lw8kS6AjLpw,El ghosting no es lo que crees,por que tu cerebro recuerda momentos vergonzosos durante anos,blood_red,ethereal,11.2,5
2026-06-29 14:42,zn7Rz46XnPA,https://www.youtube.com/watch?v=zn7Rz46XnPA,Manipulados sin palabras,como las personas atractivas manipulan sin hablar,toxic_green,ethereal,9.7,5
2026-06-29 15:13,c65ysQZ2Hfg,https://www.youtube.com/watch?v=c65ysQZ2Hfg,Tu cerebro te esta mintiendo ahora,como la gente te manipula usando cumplidos,violet,ethereal,11.1,5
2026-06-29 16:05,X3j_pVi_LaM,https://www.youtube.com/watch?v=X3j_pVi_LaM,Dependencia emocional,la psicologia de la dependencia emocional,toxic_green,tense,11.4,5
2026-06-29 17:06,1zkSLqr2Zp4,https://www.youtube.com/watch?v=1zkSLqr2Zp4,Adicto a toxicos,por que tu cerebro se vuelve adicto a las personas toxicas,electric_blue,ethereal,11.1,5
2026-06-29 18:06,LXZUPGSOafQ,https://www.youtube.com/watch?v=LXZUPGSOafQ,Dependencia emocional,la psicologia de la dependencia emocional,violet,ominous,10.9,5
2026-06-29 19:06,V1Mttr6VNEU,https://www.youtube.com/watch?v=V1Mttr6VNEU,Rechazo duele,por que el rechazo duele tanto,gold,tense,10.8,5
2026-06-29 19:40,yiru60bKQQs,https://www.youtube.com/watch?v=yiru60bKQQs,Tu cerebro te esta mintiendo ahora,como el silencio puede ser una forma de manipulacion,gold,tense,11.1,5
2026-06-29 20:05,eQ3FPjmarWs,https://www.youtube.com/watch?v=eQ3FPjmarWs,Pierdes confianza cerca de ellos,por que tu confianza desaparece cerca de algunas personas,electric_blue,ominous,11.3,5
2026-06-29 21:09,1FxQTj736xw,https://www.youtube.com/watch?v=1FxQTj736xw,Dejarte en visto,la psicologia de dejarte en visto,blood_red,ethereal,9.5,5
2026-06-29 21:23,mhjsSPRCmFk,https://www.youtube.com/watch?v=mhjsSPRCmFk,Alguien te controla sin que lo notes,la psicologia de la popularidad,electric_blue,tense,11.3,5
2026-06-29 22:13,xFx7FAM9j3A,https://www.youtube.com/watch?v=xFx7FAM9j3A,Alguien te controla sin que lo notes,como la gente te juzga sin que te des cuenta,electric_blue,ominous,11.3,5
2026-06-29 22:46,z8tW8ErCnVg,https://www.youtube.com/watch?v=z8tW8ErCnVg,Controlando tus emociones,como otras personas pueden controlar tus emociones,electric_blue,ominous,10.6,5
2026-06-29 23:14,CTcgmNEjyc8,https://www.youtube.com/watch?v=CTcgmNEjyc8,Tu cerebro te esta mintiendo ahora,como los influencers manipulan tu atencion,toxic_green,ethereal,11.1,5
2026-06-30 00:05,9SsmrRqc0Pw,https://www.youtube.com/watch?v=9SsmrRqc0Pw,Mentiras de tu mente,por que tu mente se cree sus propias mentiras,gold,ethereal,11.4,5
2026-06-30 01:05,2p7tgM_0ty4,https://www.youtube.com/watch?v=2p7tgM_0ty4,No puedes olvidarle,por que no puedes dejar de pensar en una persona,gold,ethereal,11.1,5
2026-06-30 02:05,4jMwybnrgu8,https://www.youtube.com/watch?v=4jMwybnrgu8,Desaparece tu confianza,por que tu confianza desaparece cerca de algunas personas,electric_blue,ominous,10.5,5
2026-06-30 03:05,K0t5hbvVVaU,https://www.youtube.com/watch?v=K0t5hbvVVaU,Adicto al scroll,como tu cerebro se vuelve adicto al scroll infinito,toxic_green,tense,10.9,5
2026-06-30 04:06,SDfkt0aZZl4,https://www.youtube.com/watch?v=SDfkt0aZZl4,Amigos toxicos,como los amigos toxicos manipulan sin que lo notes,violet,ethereal,11.1,5
2026-06-30 05:09,FALLO,,No puedes olvidarle,por que no puedes olvidar a ciertas personas,electric_blue,ominous,10.5,5
2026-06-30 06:15,olvcwvX1KOI,https://www.youtube.com/watch?v=olvcwvX1KOI,Tu cerebro te esta mintiendo ahora,como la manipulacion se esconde detras de la amabilidad,gold,tense,11.1,5
2026-06-30 07:05,yUfgtpppQ_0,https://www.youtube.com/watch?v=yUfgtpppQ_0,Tu cerebro contra ti,por que tu cerebro sabotea tus propios objetivos,electric_blue,tense,11.1,5
2026-06-30 08:07,W9hvfg7aPFU,https://www.youtube.com/watch?v=W9hvfg7aPFU,Por que te ignora,por que alguien ignora tus mensajes a proposito,toxic_green,tense,10.9,5
2026-06-30 09:06,DReGnqCFSB8,https://www.youtube.com/watch?v=DReGnqCFSB8,Dependencia emocional,la psicologia de la dependencia emocional,toxic_green,tense,11.2,5
2026-06-30 10:06,fldLqZ8ERQ4,https://www.youtube.com/watch?v=fldLqZ8ERQ4,Por que actua tan confuso,por que tu crush actua de forma tan confusa,electric_blue,ominous,10.8,5
2026-06-30 10:55,fkOPJEGnb8w,https://www.youtube.com/watch?v=fkOPJEGnb8w,Tu cerebro te esta mintiendo ahora,por que las relaciones toxicas son tan dificiles de dejar,gold,ominous,11.1,5
2026-06-30 11:15,UDG0NaJE9S8,https://www.youtube.com/watch?v=UDG0NaJE9S8,Tu cerebro te esta mintiendo ahora,por que algunas personas se obsesionan cuando las rechazan,blood_red,ominous,11.1,5
2026-06-30 12:05,woxjYCp90rI,https://www.youtube.com/watch?v=woxjYCp90rI,La manipulacion silenciosa,como las personas atractivas manipulan sin hablar,electric_blue,tense,11.3,5
2026-06-30 13:09,E-5mpn_QD_c,https://www.youtube.com/watch?v=E-5mpn_QD_c,El silencio manipula,como el silencio puede ser una forma de manipulacion,violet,ethereal,9.8,5
2026-06-30 14:13,KK42WG8VsJM,https://www.youtube.com/watch?v=KK42WG8VsJM,El ghosting no es lo que crees,como funciona realmente la manipulacion emocional,blood_red,ethereal,11.2,5
2026-06-30 15:06,rBl6CS2Jmrk,https://www.youtube.com/watch?v=rBl6CS2Jmrk,Cumplidos que manipulan,como la gente te manipula usando cumplidos,blood_red,ominous,11.4,5
2026-06-30 16:11,qvONrzlOr_Q,https://www.youtube.com/watch?v=qvONrzlOr_Q,Por que no te vas,por que las relaciones toxicas son tan dificiles de dejar,toxic_green,ethereal,11.3,5
2026-06-30 16:34,w39WGzJp7vk,https://www.youtube.com/watch?v=w39WGzJp7vk,Ghosting: por que desaparecen,la psicologia detras del ghosting,gold,ethereal,es-ES-AlvaroNeural,11.1,5
2026-06-30 17:13,waPfhTwbvsU,https://www.youtube.com/watch?v=waPfhTwbvsU,Tu cerebro te esta mintiendo ahora,como los manipuladores consiguen tu confianza,electric_blue,ominous,es-AR-TomasNeural,10.8,5
2026-06-30 17:40,B433-3b0nVQ,https://www.youtube.com/watch?v=B433-3b0nVQ,Por que nos atrapan,por que las relaciones toxicas son tan dificiles de dejar,electric_blue,ominous,es-AR-TomasNeural,9.9,5
2026-06-30 18:14,ICsnwIrmFBY,https://www.youtube.com/watch?v=ICsnwIrmFBY,Alguien te controla sin que lo notes,por que tu crush actua de forma tan confusa,toxic_green,ominous,es-ES-AlvaroNeural,11.3,5
2026-06-30 18:33,fDyOBRPBs4s,https://www.youtube.com/watch?v=fDyOBRPBs4s,El ghosting no es lo que crees,por que tu cerebro se vuelve adicto a las personas toxicas,blood_red,ethereal,es-ES-XimenaNeural,11.3,5
2026-06-30 19:05,lkQ8FQ51JP8,https://www.youtube.com/watch?v=lkQ8FQ51JP8,Autosabotaje silencioso,la psicologia del autosabotaje en jovenes,toxic_green,ominous,es-MX-JorgeNeural,10.5,5
2026-06-30 20:05,bw9EkaUF43A,https://www.youtube.com/watch?v=bw9EkaUF43A,Pensar demasiado,por que pensar demasiado destruye tu confianza,violet,tense,es-MX-JorgeNeural,11.2,5
2026-06-30 21:05,-wbQPY3s6i4,https://www.youtube.com/watch?v=-wbQPY3s6i4,Por que duele el rechazo,por que el rechazo duele tanto,blood_red,ethereal,es-AR-TomasNeural,11.3,5
2026-06-30 22:13,BfBWolS6nbM,https://www.youtube.com/watch?v=BfBWolS6nbM,Alguien te controla sin que lo notes,como el lenguaje corporal revela emociones ocultas,toxic_green,tense,es-ES-AlvaroNeural,11.3,5
2026-06-30 22:58,Mvt9pXaUbu8,https://www.youtube.com/watch?v=Mvt9pXaUbu8,Mentiras que te crees,por que tu mente se cree sus propias mentiras,electric_blue,tense,es-MX-DaliaNeural,11.1,5
2026-06-30 23:19,AGlj5jx5iIw,https://www.youtube.com/watch?v=AGlj5jx5iIw,Ghosting: Por que desaparecen,la psicologia detras del ghosting,gold,ominous,es-ES-AlvaroNeural,11.1,5
2026-07-01 00:13,GPVMoJzBJ_s,https://www.youtube.com/watch?v=GPVMoJzBJ_s,Tu cerebro te esta mintiendo ahora,como los narcisistas hacen que te sientas culpable,blood_red,ominous,es-MX-DaliaNeural,11.1,5
2026-07-01 01:06,JskfWUyn24s,https://www.youtube.com/watch?v=JskfWUyn24s,Los celos te consumen,la psicologia de los celos,violet,ominous,es-AR-TomasNeural,10.9,5
2026-07-01 02:05,YBJYzxvJhfI,https://www.youtube.com/watch?v=YBJYzxvJhfI,La amabilidad que manipula,como la manipulacion se esconde detras de la amabilidad,gold,ominous,es-MX-DaliaNeural,11.1,5
2026-07-01 03:07,qXrBJk7OeSY,https://www.youtube.com/watch?v=qXrBJk7OeSY,Por que te obsesionan,por que tu cerebro se obsesiona con las relaciones imposibles,gold,tense,es-MX-DaliaNeural,11.1,5
2026-07-01 04:05,EYtPft6WkZ8,https://www.youtube.com/watch?v=EYtPft6WkZ8,La verdad sobre la manipulacion,como funciona realmente la manipulacion emocional,toxic_green,ethereal,es-ES-XimenaNeural,11.1,5
2026-07-01 05:06,ZvTOcD3J7fU,https://www.youtube.com/watch?v=ZvTOcD3J7fU,El poder del contacto visual,como el contacto visual cambia lo que los demas piensan de ti,toxic_green,ominous,es-MX-DaliaNeural,11.3,5
2026-07-01 06:09,st4_W6LPlCE,https://www.youtube.com/watch?v=st4_W6LPlCE,La falsa confianza,como la falsa confianza engana a todos,electric_blue,ominous,es-AR-TomasNeural,11.4,5
2026-07-01 07:14,2TAFGjFoZPk,https://www.youtube.com/watch?v=2TAFGjFoZPk,Alguien te controla sin que lo notes,la psicologia del miedo a perderte algo,electric_blue,ethereal,es-AR-TomasNeural,11.3,5
2026-07-01 08:06,pylBiy22ykw,https://www.youtube.com/watch?v=pylBiy22ykw,Por que te obsesiona su rechazo,por que algunas personas se obsesionan cuando las rechazan,violet,tense,es-ES-AlvaroNeural,11.4,5
2026-07-01 09:05,x2mzlCAW7Lw,https://www.youtube.com/watch?v=x2mzlCAW7Lw,Amigos tóxicos,como los amigos toxicos manipulan sin que lo notes,violet,tense,es-MX-DaliaNeural,10.5,5
2026-07-01 10:05,F5oLwPRo-zE,https://www.youtube.com/watch?v=F5oLwPRo-zE,Tu movil te controla,como tu movil controla muchas de tus decisiones,gold,ethereal,es-ES-AlvaroNeural,11.3,5
2026-07-01 11:03,C0LzX8_xd-E,https://www.youtube.com/watch?v=C0LzX8_xd-E,Misterio atrae,por que ser misterioso hace que los demas piensen mas en ti,violet,ethereal,es-AR-TomasNeural,11.2,5
2026-07-01 11:51,4_HVd7csr78,https://www.youtube.com/watch?v=4_HVd7csr78,El ghosting no es lo que crees,como las personas atractivas manipulan sin hablar,violet,tense,es-ES-AlvaroNeural,11.2,5
2026-07-01 12:06,-536HgJ6G5k,https://www.youtube.com/watch?v=-536HgJ6G5k,Detecta el uso emocional,como detectar cuando alguien te usa emocionalmente,electric_blue,ominous,es-ES-XimenaNeural,10.9,5
2026-07-01 13:07,dxtqQZ09l9A,https://www.youtube.com/watch?v=dxtqQZ09l9A,Por que te obsesionan,por que tu cerebro se obsesiona con las relaciones imposibles,blood_red,tense,es-ES-AlvaroNeural,11.2,5
2026-07-01 14:09,ngy85qf4k4c,https://www.youtube.com/watch?v=ngy85qf4k4c,Amistades falsas,la psicologia de las amistades falsas,toxic_green,ethereal,es-AR-TomasNeural,11.3,5
2026-07-01 15:13,VVBylqPp11Q,https://www.youtube.com/watch?v=VVBylqPp11Q,Tu cerebro te esta mintiendo ahora,la psicologia de la venganza,toxic_green,ominous,es-AR-TomasNeural,10.8,5
2026-07-01 16:07,5aqMzbb240w,https://www.youtube.com/watch?v=5aqMzbb240w,La Popularidad Te Engancha,la psicologia de la popularidad,gold,ominous,es-ES-AlvaroNeural,10.8,5
2026-07-01 17:06,X_kmpHOhEKc,https://www.youtube.com/watch?v=X_kmpHOhEKc,Manipulacion emocional,como funciona realmente la manipulacion emocional,toxic_green,ominous,es-AR-TomasNeural,11.2,5
2026-07-01 18:05,0y3GO4U2Hyk,https://www.youtube.com/watch?v=0y3GO4U2Hyk,Miedo a perder,la psicologia del miedo a perderte algo,gold,tense,es-ES-AlvaroNeural,10.5,5
2026-07-01 18:38,7oouz7fWoPU,https://www.youtube.com/watch?v=7oouz7fWoPU,El ghosting no es lo que crees,como los influencers manipulan tu atencion,gold,ethereal,es-MX-JorgeNeural,11.2,5
2026-07-01 19:05,AkKEK9sRaEk,https://www.youtube.com/watch?v=AkKEK9sRaEk,Tu movil te controla,como tu movil controla muchas de tus decisiones,gold,ominous,es-ES-AlvaroNeural,11.3,5
2026-07-01 19:32,DwmJW9wAAXw,https://www.youtube.com/watch?v=DwmJW9wAAXw,Tu cerebro te esta mintiendo ahora,como funciona realmente la manipulacion emocional,toxic_green,tense,es-MX-DaliaNeural,11.1,5
2026-07-01 20:05,EzJqVsZD4FU,https://www.youtube.com/watch?v=EzJqVsZD4FU,Por que no puedes olvidarle,por que no puedes olvidar a ciertas personas,toxic_green,ethereal,es-MX-JorgeNeural,11.3,5
2026-07-01 21:05,oJpka1Gs_H8,https://www.youtube.com/watch?v=oJpka1Gs_H8,Venganza en tu mente,la psicologia de la venganza,blood_red,ominous,es-ES-XimenaNeural,10.7,5
2026-07-01 22:10,FALLO,,Fingen no importarles,por que algunas personas fingen que no les importas,toxic_green,ethereal,es-MX-JorgeNeural,10.8,5
2026-07-01 23:11,_dEhmYSTLJA,https://www.youtube.com/watch?v=_dEhmYSTLJA,Alguien te controla sin que lo notes,por que tu cerebro teme tanto ser ignorado,violet,tense,es-MX-DaliaNeural,11.4,5
2026-07-02 00:07,HP9lU2YsYZc,https://www.youtube.com/watch?v=HP9lU2YsYZc,Tu cerebro te esta mintiendo ahora,por que la gente pierde el interes en ti,electric_blue,ominous,es-AR-TomasNeural,10.8,5
2026-07-02 01:06,FKUQNlpoW4k,https://www.youtube.com/watch?v=FKUQNlpoW4k,La psicologia oscura del coqueteo,la psicologia oscura del coqueteo,blood_red,ominous,es-ES-XimenaNeural,11.4,5
2026-07-02 02:06,0aMa-ggV6is,https://www.youtube.com/watch?v=0aMa-ggV6is,Atractivos manipuladores,como las personas atractivas manipulan sin hablar,gold,ominous,es-ES-XimenaNeural,11.3,5
2026-07-02 03:05,tz95XdP6_7s,https://www.youtube.com/watch?v=tz95XdP6_7s,La primera impresion es todo,la psicologia de la primera impresion,gold,ominous,es-ES-XimenaNeural,10.9,5
2026-07-02 04:05,u6Ff0HC049g,https://www.youtube.com/watch?v=u6Ff0HC049g,Miedo a perderte algo,la psicologia del miedo a perderte algo,violet,tense,es-MX-DaliaNeural,11.4,5
2026-07-02 05:06,gVe68pA25pc,https://www.youtube.com/watch?v=gVe68pA25pc,Ansiedad en público,la psicologia de la ansiedad social,violet,ominous,es-MX-DaliaNeural,11.1,5
2026-07-02 06:10,qRUhLTyhd8k,https://www.youtube.com/watch?v=qRUhLTyhd8k,Amistades Falsas,la psicologia de las amistades falsas,gold,tense,es-ES-XimenaNeural,11.1,5
2026-07-02 07:13,qM7Nmp1YouY,https://www.youtube.com/watch?v=qM7Nmp1YouY,El ghosting no es lo que crees,como tu movil controla muchas de tus decisiones,toxic_green,ethereal,es-ES-XimenaNeural,11.3,5
2026-07-02 08:07,FALLO,,Ser misterioso,por que ser misterioso hace que los demas piensen mas en ti,electric_blue,tense,es-MX-DaliaNeural,11.3,5
2026-07-02 09:05,ZydLNxIR-hY,https://www.youtube.com/watch?v=ZydLNxIR-hY,Por que tu crush actua tan confuso,por que tu crush actua de forma tan confusa,toxic_green,tense,es-ES-XimenaNeural,11.4,5
2026-07-02 10:06,sVKAA-qN_hQ,https://www.youtube.com/watch?v=sVKAA-qN_hQ,Miedo a perderlo,la psicologia del miedo a perderte algo,gold,ethereal,es-AR-TomasNeural,10.2,5
2026-07-02 10:29,kf1_nRD7w9w,https://www.youtube.com/watch?v=kf1_nRD7w9w,Alguien te controla sin que lo notes,por que no puedes dejar de pensar en una persona,blood_red,ethereal,es-ES-AlvaroNeural,11.3,5
2026-07-02 11:06,_scdXD6nmDs,https://www.youtube.com/watch?v=_scdXD6nmDs,Manipuladores que te rodean,como los manipuladores consiguen tu confianza,toxic_green,tense,es-MX-DaliaNeural,11.1,5
2026-07-02 12:06,pxK6Nm3B5Jw,https://www.youtube.com/watch?v=pxK6Nm3B5Jw,Juzgan sin verte,como la gente te juzga sin que te des cuenta,electric_blue,ethereal,es-MX-DaliaNeural,10.1,5
2026-07-02 13:06,S7xyg54-WvE,https://www.youtube.com/watch?v=S7xyg54-WvE,Recuerdos Vergonzosos,por que tu cerebro recuerda momentos vergonzosos durante anos,electric_blue,tense,es-ES-XimenaNeural,10.9,5
2026-07-02 14:09,8i3-DDQIjHs,https://www.youtube.com/watch?v=8i3-DDQIjHs,La psicologia de la popularidad,la psicologia de la popularidad,violet,ethereal,es-MX-DaliaNeural,11.4,5
2026-07-02 15:14,FALLO,,Tu cerebro te esta mintiendo ahora,como las redes sociales reprograman tu cerebro,violet,ominous,es-MX-JorgeNeural,11.1,5
2026-07-02 16:06,FALLO,,Controlan tus emociones,como otras personas pueden controlar tus emociones,violet,ethereal,es-ES-XimenaNeural,10.3,5
2026-07-02 16:36,FALLO,,Por que te obsesionan,por que tu cerebro se obsesiona con las relaciones imposibles,toxic_green,tense,es-ES-AlvaroNeural,10.3,5
2026-07-02 17:14,FALLO,,Tu cerebro te esta mintiendo ahora,por que tu cerebro se obsesiona con las relaciones imposibles,violet,ominous,es-MX-JorgeNeural,11.1,5
2026-07-02 17:28,FALLO,,Tu cerebro te esta mintiendo ahora,la psicologia de pensar demasiado por la noche,toxic_green,ethereal,es-ES-XimenaNeural,11.1,5
2026-07-02 18:07,FALLO,,Por que vuelve tu ex,por que tu ex vuelve cuando ya lo habias superado,electric_blue,tense,es-ES-XimenaNeural,10.7,5
2026-07-02 19:06,FALLO,,Saboteas tus objetivos,por que tu cerebro sabotea tus propios objetivos,gold,ethereal,es-ES-XimenaNeural,11.4,5
2026-07-02 20:06,FALLO,,Narcisistas te hacen culpable,como los narcisistas hacen que te sientas culpable,toxic_green,ethereal,es-AR-TomasNeural,11.3,5
2026-07-02 20:59,FALLO,,El ghosting no es lo que crees,por que tu ex vuelve cuando ya lo habias superado,violet,ominous,es-ES-XimenaNeural,11.3,5
2026-07-02 21:06,FALLO,,Duele el rechazo,por que el rechazo duele tanto,violet,tense,es-MX-JorgeNeural,10.2,5
2026-07-02 22:07,FALLO,,El ghosting no es lo que crees,por que tu cerebro recuerda momentos vergonzosos durante anos,toxic_green,ominous,es-ES-AlvaroNeural,11.2,5
2026-07-02 23:14,FALLO,,El ghosting no es lo que crees,como las redes sociales reprograman tu cerebro,electric_blue,ethereal,es-MX-JorgeNeural,11.2,5
2026-07-03 00:06,FALLO,,Ser misterioso te hace atractivo,por que ser misterioso hace que los demas piensen mas en ti,blood_red,ethereal,es-ES-AlvaroNeural,11.4,5
2026-07-03 01:07,FALLO,,Amigos toxicos te manipulan,como los amigos toxicos manipulan sin que lo notes,electric_blue,ethereal,es-ES-AlvaroNeural,11.4,5
2026-07-03 02:06,FALLO,,Amistades Falsas,la psicologia de las amistades falsas,electric_blue,tense,es-MX-DaliaNeural,11.3,5
2026-07-03 03:08,FALLO,,Contacto visual que duele,como el contacto visual cambia lo que los demas piensan de ti,toxic_green,tense,es-ES-AlvaroNeural,10.8,5
2026-07-03 04:06,FALLO,,Recuerdos Vergonzosos,por que tu cerebro recuerda momentos vergonzosos durante anos,violet,ominous,es-MX-DaliaNeural,11.1,5
2026-07-03 05:07,FALLO,,La popularidad te atrapa,la psicologia de la popularidad,electric_blue,ethereal,es-AR-TomasNeural,10.5,5
2026-07-03 06:10,FALLO,,La oscura verdad del coqueteo,la psicologia oscura del coqueteo,toxic_green,ethereal,es-ES-AlvaroNeural,9.9,5
2026-07-03 07:14,FALLO,,Alguien te controla sin que lo notes,como los manipuladores consiguen tu confianza,electric_blue,tense,es-MX-DaliaNeural,11.4,5
2026-07-03 08:06,FALLO,,Compararte duele,por que compararte con otros en redes te hace sentir menos,electric_blue,ethereal,es-ES-XimenaNeural,10.6,5
2026-07-03 08:45,FALLO,,La manipulacion emocional,como funciona realmente la manipulacion emocional,electric_blue,tense,es-MX-JorgeNeural,11.2,5
2026-07-03 09:14,FALLO,,Alguien te controla sin que lo notes,como la falsa confianza engana a todos,electric_blue,tense,es-ES-AlvaroNeural,11.3,5
2026-07-03 09:50,FALLO,,Dejarte en visto,la psicologia de dejarte en visto,gold,ethereal,es-MX-JorgeNeural,9.9,5
2026-07-03 10:13,FALLO,,Tu cerebro te esta mintiendo ahora,como tu cerebro se vuelve adicto a la aprobacion de los demas,toxic_green,ethereal,es-ES-XimenaNeural,11.1,5
2026-07-03 11:06,FALLO,,Por que temes ser ignorado,por que tu cerebro teme tanto ser ignorado,blood_red,tense,es-ES-XimenaNeural,11.2,5
2026-07-03 12:06,FALLO,,Influencers manipulan tu atencion,como los influencers manipulan tu atencion,gold,tense,es-ES-XimenaNeural,11.4,5
2026-07-03 13:07,FALLO,,La venganza en tu mente,la psicologia de la venganza,toxic_green,ethereal,es-AR-TomasNeural,10.9,5
2026-07-03 14:10,FALLO,,Recuerdos vergonzosos,por que tu cerebro recuerda momentos vergonzosos durante anos,violet,ethereal,es-MX-JorgeNeural,10.1,5
2026-07-03 15:14,FALLO,,Tu cerebro te esta mintiendo ahora,como tu cerebro se vuelve adicto a la aprobacion de los demas,violet,ominous,es-ES-AlvaroNeural,11.1,5
2026-07-03 16:06,FALLO,,Tu lenguaje corporal te delata,como el lenguaje corporal revela emociones ocultas,violet,ethereal,es-AR-TomasNeural,11.4,5
2026-07-03 16:28,FALLO,,Influencers controlan tu atencion,como los influencers manipulan tu atencion,violet,ethereal,es-ES-AlvaroNeural,9.9,5
2026-07-03 17:15,FALLO,,Tu cerebro te esta mintiendo ahora,como la gente te manipula usando cumplidos,toxic_green,ominous,es-ES-AlvaroNeural,11.1,5
2026-07-03 18:11,FALLO,,Por que vuelve tu ex,por que tu ex vuelve cuando ya lo habias superado,blood_red,ominous,es-MX-DaliaNeural,11.4,5
2026-07-03 19:22,FALLO,,Alguien te controla sin que lo notes,por que algunas personas se obsesionan cuando las rechazan,electric_blue,ominous,es-MX-DaliaNeural,11.4,5
2026-07-03 20:14,FALLO,,Por que te obsesionas,por que tu cerebro se obsesiona con las relaciones imposibles,electric_blue,tense,es-MX-DaliaNeural,11.2,5
2026-07-03 20:54,FALLO,,El silencio manipula,como el silencio puede ser una forma de manipulacion,blood_red,tense,es-ES-AlvaroNeural,10.0,5
2026-07-03 21:34,FALLO,,Tu cerebro te esta mintiendo ahora,por que las relaciones toxicas son tan dificiles de dejar,violet,tense,es-MX-DaliaNeural,11.1,5
2026-07-03 22:14,FALLO,,Por que no puedes dejar de pensar,por que no puedes dejar de pensar en una persona,toxic_green,ethereal,es-AR-TomasNeural,11.1,5
2026-07-03 23:17,FALLO,,Adicto a la dopamina,la psicologia de la adiccion a la dopamina,toxic_green,ethereal,es-MX-DaliaNeural,10.6,5
2026-07-04 00:18,FALLO,,Los Celos Te Consumen,la psicologia de los celos,blood_red,ominous,es-MX-DaliaNeural,10.7,5
2026-07-04 01:15,FALLO,,Por que no puedes olvidarle,por que no puedes dejar de pensar en una persona,electric_blue,ominous,es-ES-AlvaroNeural,11.3,5
2026-07-04 02:24,FALLO,,El ghosting no es lo que crees,por que algunas personas fingen que no les importas,violet,tense,es-MX-DaliaNeural,11.3,5
2026-07-04 03:10,FALLO,,Adicto a la dopamina,la psicologia de la adiccion a la dopamina,blood_red,ethereal,es-MX-DaliaNeural,11.4,5
2026-07-04 04:06,FALLO,,Por que te ignoro,por que alguien ignora tus mensajes a proposito,gold,ominous,es-ES-XimenaNeural,10.1,5
2026-07-04 05:06,FALLO,,La amabilidad que duele,como la manipulacion se esconde detras de la amabilidad,gold,ominous,es-MX-JorgeNeural,11.0,5
2026-07-04 06:06,FALLO,,Confianza rapida,por que las personas solitarias confian demasiado rapido,gold,ethereal,es-ES-AlvaroNeural,11.2,5
2026-07-04 07:06,FALLO,,Por que te obsesionan,por que tu cerebro se obsesiona con las relaciones imposibles,blood_red,ethereal,es-ES-AlvaroNeural,10.6,5
2026-07-04 07:44,FALLO,,Tu cerebro te esta mintiendo ahora,la psicologia del miedo a perderte algo,gold,ominous,es-ES-XimenaNeural,11.1,5
2026-07-04 08:06,FALLO,,La psicologia oscura del coqueteo,la psicologia oscura del coqueteo,violet,ethereal,es-MX-DaliaNeural,11.4,5
2026-07-04 08:20,FALLO,,Alguien te controla sin que lo notes,por que la confianza intimida a las personas inseguras,toxic_green,ethereal,es-ES-XimenaNeural,11.3,5
2026-07-04 09:10,FALLO,,Tratan bien en publico,por que algunos te tratan bien en publico y mal en privado,toxic_green,ominous,es-MX-JorgeNeural,9.8,5
2026-07-04 10:14,FALLO,,Tu cerebro te esta mintiendo ahora,como el contacto visual cambia lo que los demas piensan de ti,electric_blue,ethereal,es-ES-XimenaNeural,11.1,5
2026-07-04 11:07,FALLO,,Misterio atrae,por que ser misterioso hace que los demas piensen mas en ti,toxic_green,ethereal,es-AR-TomasNeural,10.0,5
2026-07-04 12:03,FALLO,,Ansiedad social te atrapa,la psicologia de la ansiedad social,toxic_green,tense,es-AR-TomasNeural,10.5,5
2026-07-04 12:32,FALLO,,El ghosting no es lo que crees,por que tu confianza desaparece cerca de algunas personas,electric_blue,ethereal,es-MX-JorgeNeural,11.2,5
2026-07-04 13:09,FALLO,,Amistades falsas,la psicologia de las amistades falsas,toxic_green,tense,es-ES-XimenaNeural,10.6,5
2026-07-04 14:07,FALLO,,Pensamientos nocturnos,la psicologia de pensar demasiado por la noche,electric_blue,ethereal,es-MX-DaliaNeural,10.4,5
2026-07-04 15:06,FALLO,,Por que piensas demasiado,la psicologia de pensar demasiado por la noche,gold,ethereal,es-ES-XimenaNeural,10.9,5
2026-07-04 16:01,FALLO,,Alguien te controla sin que lo notes,como tu cerebro inventa conversaciones que nunca ocurrieron,electric_blue,ethereal,es-MX-DaliaNeural,11.4,5
2026-07-04 16:28,FALLO,,El ghosting no es lo que crees,por que algunas personas siempre parecen tener el control,gold,ethereal,es-ES-XimenaNeural,11.3,5
2026-07-04 17:13,FALLO,,El ghosting no es lo que crees,por que alguien ignora tus mensajes a proposito,electric_blue,ethereal,es-ES-XimenaNeural,11.3,5
2026-07-04 18:06,FALLO,,Manipulados sin palabras,como las personas atractivas manipulan sin hablar,blood_red,ethereal,es-ES-AlvaroNeural,10.2,5
2026-07-04 19:06,FALLO,,Amigos toxicos,como los amigos toxicos manipulan sin que lo notes,violet,ominous,es-ES-AlvaroNeural,11.0,5
2026-07-04 20:07,FALLO,,Por que no puedes dejarlo,por que las relaciones toxicas son tan dificiles de dejar,electric_blue,ethereal,es-AR-TomasNeural,11.3,5
2026-07-04 20:28,FALLO,,Alguien te controla sin que lo notes,por que tu cerebro sabotea tus propios objetivos,electric_blue,ominous,es-ES-XimenaNeural,11.3,5
2026-07-04 21:07,FALLO,,Ansiedad social,la psicologia de la ansiedad social,electric_blue,ominous,es-ES-AlvaroNeural,11.2,5
2026-07-04 22:06,FALLO,,La psicologia oscura del coqueteo,la psicologia oscura del coqueteo,gold,ethereal,es-AR-TomasNeural,11.3,5
2026-07-04 23:06,FALLO,,Popularidad a cualquier precio,la psicologia de la popularidad,toxic_green,ominous,es-MX-JorgeNeural,10.6,5
2026-07-04 23:59,FALLO,,Alguien te controla sin que lo notes,por que tu cerebro se obsesiona con las relaciones imposibles,gold,tense,es-ES-AlvaroNeural,11.3,5
2026-07-05 00:10,FALLO,,Confianza desaparecida,por que tu confianza desaparece cerca de algunas personas,electric_blue,ethereal,es-AR-TomasNeural,9.7,5
2026-07-05 01:14,FALLO,,Tu cerebro te esta mintiendo ahora,la psicologia detras del ghosting,violet,tense,es-ES-XimenaNeural,11.1,5
2026-07-05 02:06,FALLO,,Por que vuelve tu ex,por que tu ex vuelve cuando ya lo habias superado,violet,ominous,es-AR-TomasNeural,10.0,5
2026-07-05 03:05,FALLO,,Amistades Falsas,la psicologia de las amistades falsas,violet,ominous,es-ES-XimenaNeural,10.4,5
2026-07-05 04:07,FALLO,,Convencido de conversaciones,como tu cerebro inventa conversaciones que nunca ocurrieron,blood_red,tense,es-ES-AlvaroNeural,11.0,5
2026-07-05 05:06,FALLO,,El rechazo duele,por que el rechazo duele tanto,blood_red,ethereal,es-MX-DaliaNeural,9.7,5
2026-07-05 06:07,FALLO,,Narcisistas te hacen culpable,como los narcisistas hacen que te sientas culpable,electric_blue,ominous,es-AR-TomasNeural,10.6,5
2026-07-05 07:06,FALLO,,Culpable sin culpa,como los narcisistas hacen que te sientas culpable,electric_blue,tense,es-MX-DaliaNeural,10.6,5
2026-07-05 08:10,FALLO,,Controlan tus emociones,como otras personas pueden controlar tus emociones,electric_blue,tense,es-AR-TomasNeural,10.5,5
2026-07-05 08:38,FALLO,,El ghosting no es lo que crees,como el contacto visual cambia lo que los demas piensan de ti,electric_blue,ethereal,es-ES-AlvaroNeural,11.2,5
2026-07-05 09:13,FALLO,,Tu cerebro te esta mintiendo ahora,la psicologia de la popularidad,blood_red,ominous,es-ES-AlvaroNeural,11.1,5
2026-07-05 09:59,FALLO,,Amistades Falsas,la psicologia de las amistades falsas,gold,ethereal,es-MX-JorgeNeural,10.4,5
2026-07-05 10:14,FALLO,,Tu cerebro te esta mintiendo ahora,por que el rechazo duele tanto,electric_blue,ominous,es-MX-DaliaNeural,11.1,5
2026-07-05 11:07,FALLO,,La primera impresion,la psicologia de la primera impresion,blood_red,ominous,es-MX-JorgeNeural,10.2,5
2026-07-05 12:06,FALLO,,Celos que matan,la psicologia de los celos,violet,ethereal,es-ES-AlvaroNeural,10.1,5
2026-07-05 13:07,FALLO,,La amabilidad que manipula,como la manipulacion se esconde detras de la amabilidad,violet,ethereal,es-AR-TomasNeural,9.5,5
2026-07-05 14:08,FALLO,,La manipulacion emocional,como funciona realmente la manipulacion emocional,blood_red,tense,es-MX-JorgeNeural,11.0,5
2026-07-05 15:00,FALLO,,Por que te quedas atrapado,por que las relaciones toxicas son tan dificiles de dejar,gold,tense,es-MX-JorgeNeural,10.3,5
2026-07-05 15:15,FALLO,,Alguien te controla sin que lo notes,la psicologia detras del ghosting,blood_red,tense,es-ES-AlvaroNeural,11.3,5
2026-07-05 16:07,FALLO,,Narcisistas te hacen culpable,como los narcisistas hacen que te sientas culpable,blood_red,ethereal,es-MX-DaliaNeural,11.4,5
2026-07-05 17:10,FALLO,,Por que te atan,por que tu cerebro se vuelve adicto a las personas toxicas,violet,ethereal,es-AR-TomasNeural,9.8,5
2026-07-05 18:16,FALLO,,El ghosting no es lo que crees,por que algunos te tratan bien en publico y mal en privado,blood_red,ominous,es-AR-TomasNeural,11.2,5
2026-07-05 18:51,FALLO,,Ser misterioso,por que ser misterioso hace que los demas piensen mas en ti,electric_blue,tense,es-ES-XimenaNeural,10.4,5
2026-07-05 19:14,FALLO,,El ghosting no es lo que crees,como tu cerebro se vuelve adicto al scroll infinito,gold,ethereal,es-MX-JorgeNeural,11.2,5
2026-07-05 20:06,FALLO,,Relaciones imposibles,por que tu cerebro se obsesiona con las relaciones imposibles,blood_red,tense,es-MX-DaliaNeural,11.3,5
2026-07-05 21:06,FALLO,,Cuando te manipulan,como la gente te manipula usando cumplidos,violet,ethereal,es-MX-DaliaNeural,11.3,5
2026-07-05 22:08,FALLO,,Tu lenguaje corporal habla,como el lenguaje corporal revela emociones ocultas,blood_red,ethereal,es-MX-JorgeNeural,11.4,5
2026-07-05 22:48,FALLO,,El ghosting no es lo que crees,como el lenguaje corporal revela emociones ocultas,violet,ethereal,es-MX-DaliaNeural,11.3,5
2026-07-05 23:06,FALLO,,La amabilidad que duele,como la manipulacion se esconde detras de la amabilidad,toxic_green,tense,es-AR-TomasNeural,10.8,5
2026-07-06 00:07,FALLO,,Tu movil te controla,como tu movil controla muchas de tus decisiones,blood_red,ominous,es-AR-TomasNeural,11.0,5
2026-07-06 00:29,FALLO,,El ghosting no es lo que crees,como los manipuladores consiguen tu confianza,electric_blue,ominous,es-ES-XimenaNeural,11.3,5
2026-07-06 01:11,FALLO,,Obsesion por relaciones imposibles,por que tu cerebro se obsesiona con las relaciones imposibles,violet,ethereal,es-MX-DaliaNeural,11.4,5
2026-07-06 02:14,FALLO,,Tu cerebro te esta mintiendo ahora,por que compararte con otros en redes te hace sentir menos,electric_blue,tense,es-MX-JorgeNeural,11.1,5
2026-07-06 03:07,FALLO,,Mentiras en tu cabeza,por que tu mente se cree sus propias mentiras,blood_red,tense,es-AR-TomasNeural,11.4,5
2026-07-06 04:06,FALLO,,La noche te consume,la psicologia de pensar demasiado por la noche,blood_red,ethereal,es-AR-TomasNeural,10.9,5
2026-07-06 05:06,FALLO,,Dejas todo para despues,por que siempre dejas todo para despues,violet,ethereal,es-MX-DaliaNeural,11.2,5
2026-07-06 06:06,FALLO,,Pierdes confianza cerca de ellos,por que tu confianza desaparece cerca de algunas personas,electric_blue,ominous,es-ES-AlvaroNeural,11.3,5
2026-07-06 07:06,FALLO,,Por que vuelve tu ex,por que tu ex vuelve cuando ya lo habias superado,gold,ominous,es-ES-AlvaroNeural,10.4,5
2026-07-06 08:06,FALLO,,Tu movil te controla,como tu movil controla muchas de tus decisiones,electric_blue,tense,es-MX-JorgeNeural,10.8,5
2026-07-06 09:15,FALLO,,Tu cerebro te esta mintiendo ahora,por que tu cerebro sabotea tus propios objetivos,gold,ethereal,es-MX-DaliaNeural,11.1,5
2026-07-06 10:07,FALLO,,Por que saboteas tus metas,por que tu cerebro sabotea tus propios objetivos,gold,tense,es-ES-AlvaroNeural,10.8,5
2026-07-06 11:06,FALLO,,Te tratan bien en publico,por que algunos te tratan bien en publico y mal en privado,gold,ominous,es-MX-DaliaNeural,10.4,5
2026-07-06 12:08,FALLO,,Tu movil te controla,como tu movil controla muchas de tus decisiones,violet,ethereal,es-AR-TomasNeural,10.1,5
2026-07-06 13:07,FALLO,,La manipulacion emocional,como funciona realmente la manipulacion emocional,blood_red,tense,es-MX-DaliaNeural,11.1,5
2026-07-06 14:09,FALLO,,La zona de amistad,la psicologia de la zona de amistad,gold,ethereal,es-AR-TomasNeural,11.4,5
2026-07-06 15:08,FALLO,,Tu movil te controla,como tu movil controla muchas de tus decisiones,blood_red,ethereal,es-MX-DaliaNeural,11.1,5
2026-07-06 16:12,FALLO,,Pierdes interes en mi,por que la gente pierde el interes en ti,toxic_green,ethereal,es-MX-JorgeNeural,10.5,5
2026-07-06 17:14,FALLO,,El ghosting no es lo que crees,la psicologia del miedo a perderte algo,electric_blue,ominous,es-MX-DaliaNeural,11.3,5
2026-07-06 18:06,FALLO,,Por que te atrapan,por que tu cerebro se vuelve adicto a las personas toxicas,gold,ethereal,es-MX-DaliaNeural,10.0,5
2026-07-06 19:06,FALLO,,Por que te obsesionan,por que tu cerebro se obsesiona con las relaciones imposibles,gold,ominous,es-MX-JorgeNeural,9.8,5
2026-07-06 20:08,FALLO,,Tu cerebro inventa conversaciones,como tu cerebro inventa conversaciones que nunca ocurrieron,violet,ethereal,es-AR-TomasNeural,11.3,5
2026-07-06 21:04,FALLO,,Miedo a perder algo,la psicologia del miedo a perderte algo,electric_blue,ominous,es-AR-TomasNeural,10.2,5
2026-07-06 22:06,FALLO,,Narcisistas y culpa,como los narcisistas hacen que te sientas culpable,violet,ominous,es-AR-TomasNeural,10.2,5
2026-07-06 23:06,FALLO,,Tu lenguaje corporal,como el lenguaje corporal revela emociones ocultas,toxic_green,tense,es-ES-XimenaNeural,10.9,5
2026-07-07 00:10,FALLO,,Amistades Falsas,la psicologia de las amistades falsas,blood_red,ethereal,es-MX-DaliaNeural,11.4,5
2026-07-07 01:14,FALLO,,Alguien te controla sin que lo notes,como detectar cuando alguien te usa emocionalmente,violet,ominous,es-ES-AlvaroNeural,11.3,5
2026-07-07 02:08,FALLO,,Amigos toxicos te manipulan,como los amigos toxicos manipulan sin que lo notes,blood_red,tense,es-MX-JorgeNeural,10.9,5
2026-07-07 03:06,FALLO,,Rechazo duele,por que el rechazo duele tanto,toxic_green,ominous,es-ES-AlvaroNeural,10.4,5
2026-07-07 04:06,FALLO,,El dolor del rechazo,por que el rechazo duele tanto,violet,tense,es-ES-AlvaroNeural,11.3,5
2026-07-07 05:06,FALLO,,El lenguaje corporal,como el lenguaje corporal revela emociones ocultas,violet,tense,es-AR-TomasNeural,10.2,5
2026-07-07 06:06,FALLO,,"Confianza rapida, dolor lento",por que las personas solitarias confian demasiado rapido,violet,ethereal,es-MX-JorgeNeural,9.9,5
2026-07-07 07:08,FALLO,,"Ghosting, porque duele",la psicologia detras del ghosting,violet,ethereal,es-MX-JorgeNeural,10.7,5
2026-07-07 08:10,FALLO,,Amigos toxicos,como los amigos toxicos manipulan sin que lo notes,electric_blue,tense,es-AR-TomasNeural,10.3,5
2026-07-07 09:15,FALLO,,Alguien te controla sin que lo notes,por que tu cerebro teme tanto ser ignorado,gold,ominous,es-MX-JorgeNeural,11.3,5
2026-07-07 10:06,FALLO,,Olvidar es imposible,por que no puedes olvidar a ciertas personas,blood_red,ominous,es-MX-DaliaNeural,10.7,5
2026-07-07 10:24,FALLO,,Ghosting: por que te dejan sin explicacion,la psicologia detras del ghosting,blood_red,ethereal,es-MX-DaliaNeural,10.9,5
2026-07-07 10:40,FALLO,,Tu lenguaje corporal te delata,como el lenguaje corporal revela emociones ocultas,blood_red,tense,es-AR-TomasNeural,11.2,5
2026-07-07 11:14,FALLO,,El ghosting no es lo que crees,por que alguien ignora tus mensajes a proposito,gold,ethereal,es-ES-XimenaNeural,11.3,5
2026-07-07 12:06,FALLO,,Aprobacion toxica,como tu cerebro se vuelve adicto a la aprobacion de los demas,gold,ominous,es-MX-JorgeNeural,10.2,5
2026-07-07 13:06,FALLO,,Miedo a perder,la psicologia del miedo a perderte algo,violet,tense,es-MX-DaliaNeural,10.3,5
2026-07-07 14:08,FALLO,,Por que te ghostean,la psicologia detras del ghosting,violet,ethereal,es-AR-TomasNeural,11.2,5
2026-07-07 15:14,FALLO,,Tu cerebro te esta mintiendo ahora,como el lenguaje corporal revela emociones ocultas,gold,ethereal,es-ES-XimenaNeural,11.1,5
2026-07-07 16:06,FALLO,,Amigos toxicos te manipulan,como los amigos toxicos manipulan sin que lo notes,blood_red,ominous,es-MX-JorgeNeural,10.9,5
2026-07-07 17:06,FALLO,,Aprobacion toxica,como tu cerebro se vuelve adicto a la aprobacion de los demas,gold,ethereal,es-MX-JorgeNeural,9.6,5
2026-07-07 18:06,FALLO,,Por que te olvidan,por que la gente pierde el interes en ti,blood_red,ethereal,es-AR-TomasNeural,10.3,5
2026-07-07 18:42,FALLO,,Tu movil te controla,como tu movil controla muchas de tus decisiones,toxic_green,ominous,es-ES-AlvaroNeural,10.9,5
2026-07-07 19:13,FALLO,,Tu cerebro te esta mintiendo ahora,la psicologia oscura del coqueteo,gold,tense,es-MX-DaliaNeural,11.1,5
2026-07-07 20:06,FALLO,,Por que te dejan de querer,por que la gente pierde el interes en ti,gold,tense,es-ES-AlvaroNeural,11.2,5
2026-07-07 21:06,FALLO,,La trampa de los cumplidos,como la gente te manipula usando cumplidos,gold,ethereal,es-ES-XimenaNeural,11.2,5
2026-07-07 22:07,FALLO,,Saboteas tus objetivos,por que tu cerebro sabotea tus propios objetivos,toxic_green,ethereal,es-ES-AlvaroNeural,10.2,5
2026-07-07 22:56,FALLO,,El ghosting no es lo que crees,por que las relaciones toxicas son tan dificiles de dejar,violet,ominous,es-ES-XimenaNeural,11.3,5
2026-07-07 23:15,FALLO,,Confianza perdida,por que tu confianza desaparece cerca de algunas personas,electric_blue,ominous,es-MX-DaliaNeural,10.7,5
2026-07-08 00:14,FALLO,,Tu cerebro te esta mintiendo ahora,por que algunos te tratan bien en publico y mal en privado,electric_blue,ethereal,es-MX-DaliaNeural,11.1,5
2026-07-08 01:06,FALLO,,Ansiedad social,la psicologia de la ansiedad social,toxic_green,tense,es-MX-JorgeNeural,10.9,5
2026-07-08 02:06,FALLO,,Miente con su mirada,como las personas atractivas manipulan sin hablar,blood_red,ethereal,es-MX-DaliaNeural,10.1,5
2026-07-08 03:07,FALLO,,La psicologia de la popularidad,la psicologia de la popularidad,violet,ethereal,es-ES-XimenaNeural,11.4,5
2026-07-08 04:07,FALLO,,La venganza en tu mente,la psicologia de la venganza,gold,ethereal,es-AR-TomasNeural,11.3,5
2026-07-08 05:06,FALLO,,Obsesionados por el rechazo,por que algunas personas se obsesionan cuando las rechazan,gold,tense,es-MX-DaliaNeural,10.9,5
2026-07-08 06:06,FALLO,,Dejarte en visto,la psicologia de dejarte en visto,electric_blue,ominous,es-AR-TomasNeural,9.8,5
2026-07-08 07:13,FALLO,,Tu cerebro te esta mintiendo ahora,la psicologia de la primera impresion,electric_blue,ethereal,es-AR-TomasNeural,10.8,5
2026-07-08 08:06,FALLO,,Pensar demasiado te destruye,por que pensar demasiado destruye tu confianza,electric_blue,ominous,es-AR-TomasNeural,10.9,5
2026-07-08 09:06,FALLO,,Contacto visual,como el contacto visual cambia lo que los demas piensan de ti,electric_blue,ominous,es-ES-XimenaNeural,10.2,5
2026-07-08 10:06,FALLO,,Dejas todo para despues,por que siempre dejas todo para despues,blood_red,ominous,es-ES-AlvaroNeural,11.4,5
2026-07-08 11:09,FALLO,,Dependencia emocional,la psicologia de la dependencia emocional,blood_red,tense,es-AR-TomasNeural,11.4,5
2026-07-08 12:08,FALLO,,Narcisistas y culpa,como los narcisistas hacen que te sientas culpable,blood_red,ethereal,es-ES-XimenaNeural,10.8,5
2026-07-08 13:08,FALLO,,Por que no te va,por que las relaciones toxicas son tan dificiles de dejar,violet,ethereal,es-AR-TomasNeural,10.0,5
2026-07-08 14:09,FALLO,,Por que vuelve tu ex,por que tu ex vuelve cuando ya lo habias superado,blood_red,tense,es-AR-TomasNeural,11.1,5
2026-07-08 15:14,FALLO,,El ghosting no es lo que crees,como el lenguaje corporal revela emociones ocultas,gold,ominous,es-AR-TomasNeural,11.2,5
